word_id,word
1,2
2,4
3,5
4,10
5,12
6,13
7,17
8,18
9,22
10,23
11,30
12,32
13,33
14,46
15,60
16,73
17,82
18,89
19,103
20,116
21,118
22,134
23,162
24,184
25,201
26,212
27,234
28,260
29,268
30,274
31,275
32,279
33,297
34,351
35,404
36,449
37,462
38,484
39,517
40,521
41,730
42,814
43,878
44,1003
45,1133
46,1649
47,2090
48,2258
49,2358
50,2740
51,3016
52,3024
53,3270
54,3741
55,4435
56,1
57,3
58,6
59,7
60,8
61,9
62,11
63,14
64,15
65,19
66,20
67,21
68,24
69,25
70,28
71,29
72,31
73,34
74,35
75,36
76,37
77,41
78,43
79,44
80,45
81,48
82,49
83,50
84,51
85,52
86,54
87,57
88,58
89,59
90,62
91,63
92,64
93,68
94,70
95,76
96,78
97,81
98,94
99,95
100,101
101,105
102,106
103,109
104,115
105,122
106,123
107,126
108,133
109,135
110,136
111,144
112,157
113,168
114,190
115,195
116,203
117,207
118,215
119,216
120,223
121,228
122,229
123,230
124,239
125,241
126,242
127,251
128,252
129,258
130,287
131,302
132,304
133,310
134,318
135,326
136,337
137,338
138,339
139,358
140,373
141,378
142,384
143,389
144,393
145,456
146,461
147,464
148,465
149,470
150,486
151,548
152,555
153,563
154,564
155,601
156,631
157,637
158,661
159,707
160,748
161,772
162,779
163,787
164,793
165,876
166,880
167,890
168,1036
169,1037
170,1080
171,1144
172,1146
173,1180
174,1192
175,1197
176,1214
177,1260
178,1267
179,1341
180,1366
181,1368
182,1381
183,1463
184,1466
185,1520
186,1665
187,1686
188,1848
189,2011
190,2019
191,2063
192,2087
193,2189
194,2255
195,2284
196,2321
197,2397
198,2691
199,2757
200,3012
201,3032
202,3179
203,3339
204,3609
205,3627
206,3745
207,4335
208,4457
209,4600
210,4632
211,131
212,137
213,149
214,271
215,343
216,955
217,1020
218,47
219,102
220,112
221,128
222,151
223,179
224,272
225,288
226,296
227,298
228,309
229,412
230,614
231,719
232,746
233,857
234,943
235,1014
236,1243
237,1504
238,1754
239,2171
240,2294
241,2681
242,2746
243,2758
244,3755
245,4449
246,4462
247,4524
248,4975
249,16
250,27
251,39
252,55
253,61
254,69
255,72
256,74
257,99
258,132
259,139
260,146
261,147
262,155
263,170
264,180
265,185
266,186
267,210
268,225
269,227
270,233
271,244
272,265
273,269
274,276
275,280
276,289
277,307
278,328
279,336
280,344
281,395
282,542
283,546
284,610
285,692
286,739
287,743
288,767
289,868
290,909
291,1008
292,1085
293,1094
294,1515
295,1526
296,1656
297,1692
298,1849
299,2261
300,2360
301,2401
302,2413
303,2423
304,2546
305,3905
306,4174
307,4782
308,26
309,80
310,83
311,85
312,91
313,119
314,154
315,159
316,187
317,245
318,293
319,320
320,418
321,444
322,458
323,459
324,483
325,487
326,513
327,519
328,534
329,545
330,622
331,680
332,753
333,803
334,875
335,930
336,935
337,1174
338,1189
339,1438
340,1490
341,1662
342,1781
343,1941
344,1967
345,2070
346,2276
347,2900
348,2985
349,3211
350,3631
351,4690
352,75
353,86
354,92
355,171
356,172
357,191
358,196
359,235
360,255
361,257
362,330
363,367
364,410
365,415
366,554
367,613
368,628
369,634
370,705
371,745
372,755
373,761
374,837
375,1095
376,1289
377,1787
378,1883
379,1939
380,1962
381,1963
382,1979
383,2100
384,3987
385,4106
386,38
387,42
388,117
389,177
390,181
391,243
392,273
393,397
394,401
395,405
396,408
397,428
398,457
399,722
400,744
401,1134
402,1499
403,1608
404,1659
405,1719
406,1723
407,1774
408,1802
409,2527
410,2646
411,2760
412,2962
413,3986
414,4570
415,56
416,66
417,71
418,124
419,153
420,173
421,200
422,202
423,211
424,232
425,262
426,360
427,366
428,394
429,471
430,591
431,690
432,693
433,848
434,867
435,871
436,894
437,899
438,911
439,1242
440,2769
441,3401
442,3718
443,4029
444,4082
445,120
446,182
447,224
448,281
449,306
450,381
451,407
452,540
453,585
454,646
455,704
456,988
457,999
458,1021
459,1304
460,40
461,88
462,93
463,111
464,129
465,141
466,167
467,256
468,371
469,438
470,452
471,467
472,489
473,593
474,619
475,649
476,879
477,1577
478,1760
479,1867
480,2128
481,4389
482,77
483,90
484,174
485,208
486,314
487,507
488,604
489,644
490,1274
491,1616
492,2418
493,100
494,108
495,130
496,138
497,143
498,160
499,213
500,214
501,231
502,295
503,303
504,332
505,348
506,357
507,372
508,427
509,430
510,434
511,536
512,547
513,608
514,612
515,642
516,666
517,670
518,765
519,942
520,971
521,1155
522,1332
523,1788
524,1796
525,2054
526,2190
527,2288
528,2877
529,2939
530,79
531,84
532,142
533,145
534,148
535,152
536,164
537,175
538,178
539,204
540,219
541,267
542,299
543,316
544,341
545,374
546,406
547,509
548,567
549,682
550,698
551,752
552,811
553,813
554,843
555,905
556,918
557,963
558,1055
559,1166
560,1283
561,1411
562,1547
563,1711
564,1950
565,2661
566,2924
567,3547
568,3826
569,4866
570,65
571,67
572,97
573,121
574,199
575,206
576,249
577,312
578,335
579,376
580,481
581,502
582,551
583,588
584,771
585,962
586,1019
587,1597
588,3408
589,3640
590,3923
591,107
592,165
593,248
594,266
595,290
596,319
597,322
598,331
599,350
600,369
601,396
602,439
603,466
604,492
605,508
606,742
607,847
608,1004
609,1175
610,1182
611,1290
612,1306
613,3260
614,140
615,150
616,156
617,188
618,278
619,340
620,353
621,361
622,525
623,531
624,645
625,656
626,672
627,697
628,770
629,985
630,1252
631,1326
632,1768
633,1778
634,1827
635,2060
636,2185
637,2466
638,2861
639,3035
640,4556
641,4822
642,104
643,158
644,183
645,209
646,226
647,246
648,263
649,286
650,315
651,317
652,321
653,387
654,391
655,411
656,421
657,493
658,505
659,530
660,533
661,537
662,556
663,558
664,560
665,598
666,629
667,650
668,657
669,709
670,715
671,737
672,778
673,801
674,831
675,835
676,873
677,913
678,928
679,944
680,964
681,984
682,1013
683,1033
684,1165
685,1194
686,1219
687,1220
688,1271
689,1273
690,1297
691,1299
692,1300
693,1315
694,1347
695,1362
696,1367
697,1376
698,1377
699,1502
700,1517
701,1560
702,1562
703,1574
704,1589
705,1623
706,1694
707,1734
708,1927
709,1943
710,1953
711,1969
712,2035
713,2089
714,2353
715,2492
716,2512
717,2542
718,2600
719,2666
720,2782
721,2890
722,2907
723,2927
724,2955
725,2965
726,2966
727,3021
728,3025
729,3042
730,3086
731,3093
732,3121
733,3129
734,3148
735,3182
736,3186
737,3192
738,3242
739,3269
740,3283
741,3308
742,3311
743,3436
744,3448
745,3477
746,3726
747,3843
748,4010
749,4231
750,4309
751,4403
752,4434
753,4448
754,4575
755,4708
756,4740
757,4748
758,4751
759,4827
760,4853
761,4869
762,4895
763,4958
764,110
765,217
766,264
767,300
768,364
769,419
770,445
771,488
772,494
773,539
774,872
775,2640
776,3482
777,3966
778,4774
779,53
780,96
781,127
782,194
783,292
784,323
785,329
786,403
787,724
788,783
789,965
790,2938
791,166
792,169
793,259
794,313
795,333
796,352
797,727
798,749
799,760
800,762
801,768
802,832
803,968
804,1361
805,2122
806,2247
807,2742
808,4746
809,98
810,163
811,176
812,237
813,261
814,282
815,291
816,301
817,308
818,334
819,390
820,423
821,437
822,440
823,455
824,475
825,477
826,478
827,524
828,535
829,557
830,565
831,606
832,618
833,655
834,658
835,717
836,720
837,758
838,792
839,798
840,824
841,863
842,864
843,976
844,996
845,1007
846,1035
847,1049
848,1077
849,1089
850,1093
851,1112
852,1129
853,1179
854,1186
855,1205
856,1209
857,1248
858,1268
859,1276
860,1323
861,1329
862,1337
863,1350
864,1371
865,1445
866,1519
867,1582
868,1617
869,1619
870,1646
871,1712
872,1738
873,1741
874,1748
875,1769
876,1812
877,1813
878,1818
879,1826
880,1886
881,1888
882,1937
883,1966
884,1972
885,2007
886,2053
887,2125
888,2155
889,2186
890,2197
891,2221
892,2295
893,2411
894,2447
895,2449
896,2493
897,2513
898,2540
899,2544
900,2610
901,2625
902,2628
903,2678
904,2847
905,2885
906,2959
907,2987
908,3002
909,3063
910,3074
911,3080
912,3145
913,3236
914,3310
915,3336
916,3380
917,3391
918,3405
919,3423
920,3432
921,3557
922,3704
923,3710
924,3734
925,3819
926,3852
927,3944
928,4036
929,4048
930,4142
931,4159
932,4229
933,4305
934,4311
935,4340
936,4359
937,4391
938,4917
939,4931
940,236
941,253
942,386
943,441
944,473
945,511
946,532
947,703
948,781
949,791
950,818
951,822
952,828
953,917
954,966
955,1057
956,1087
957,1140
958,1279
959,1291
960,1305
961,1427
962,1509
963,1549
964,1676
965,1681
966,1724
967,1792
968,1814
969,1821
970,1865
971,1876
972,2042
973,2575
974,2739
975,2832
976,2895
977,2945
978,2949
979,3037
980,3102
981,3118
982,3218
983,3246
984,3344
985,3390
986,3465
987,3487
988,3699
989,3702
990,3979
991,4002
992,4128
993,4463
994,4561
995,4573
996,4596
997,4603
998,4692
999,4777
1000,4877
1001,125
1002,592
1003,595
1004,623
1005,1106
1006,1148
1007,1513
1008,1784
1009,1970
1010,2933
1011,3204
1012,3666
1013,3869
1014,4030
1015,4047
1016,161
1017,238
1018,250
1019,283
1020,311
1021,324
1022,359
1023,380
1024,409
1025,416
1026,422
1027,426
1028,431
1029,447
1030,472
1031,499
1032,506
1033,538
1034,544
1035,575
1036,581
1037,639
1038,651
1039,667
1040,688
1041,716
1042,802
1043,836
1044,854
1045,865
1046,900
1047,901
1048,906
1049,912
1050,921
1051,924
1052,948
1053,952
1054,959
1055,970
1056,979
1057,993
1058,997
1059,1061
1060,1064
1061,1069
1062,1103
1063,1111
1064,1151
1065,1195
1066,1255
1067,1298
1068,1386
1069,1400
1070,1459
1071,1489
1072,1512
1073,1527
1074,1533
1075,1625
1076,1683
1077,1728
1078,1753
1079,1757
1080,1801
1081,1839
1082,1843
1083,1875
1084,1882
1085,1910
1086,1983
1087,2003
1088,2010
1089,2016
1090,2021
1091,2073
1092,2104
1093,2133
1094,2149
1095,2208
1096,2229
1097,2246
1098,2315
1099,2365
1100,2395
1101,2507
1102,2603
1103,2650
1104,2656
1105,2662
1106,2736
1107,2817
1108,2860
1109,2912
1110,2982
1111,3023
1112,3125
1113,3256
1114,3312
1115,3329
1116,3369
1117,3455
1118,3527
1119,3569
1120,3598
1121,3675
1122,3797
1123,4075
1124,4223
1125,4386
1126,4458
1127,4482
1128,4484
1129,4645
1130,4764
1131,4816
1132,240
1133,347
1134,370
1135,446
1136,450
1137,460
1138,503
1139,518
1140,597
1141,607
1142,668
1143,726
1144,1123
1145,1331
1146,1456
1147,2224
1148,2290
1149,2292
1150,2297
1151,2335
1152,2354
1153,2417
1154,3097
1155,3158
1156,3217
1157,3983
1158,3990
1159,4242
1160,342
1161,528
1162,699
1163,756
1164,769
1165,926
1166,1152
1167,1498
1168,1698
1169,2249
1170,2532
1171,2836
1172,2947
1173,3496
1174,114
1175,388
1176,526
1177,685
1178,723
1179,795
1180,992
1181,1029
1182,1158
1183,1302
1184,1342
1185,1467
1186,1657
1187,1674
1188,1731
1189,1765
1190,2002
1191,2164
1192,2188
1193,2201
1194,2576
1195,2744
1196,2787
1197,3040
1198,3275
1199,3376
1200,4333
1201,4481
1202,4961
1203,87
1204,113
1205,270
1206,382
1207,433
1208,504
1209,516
1210,520
1211,624
1212,641
1213,669
1214,681
1215,784
1216,812
1217,1040
1218,1102
1219,1424
1220,1624
1221,1955
1222,1977
1223,2191
1224,2505
1225,2644
1226,2803
1227,2866
1228,3039
1229,3109
1230,4599
1231,254
1232,626
1233,1121
1234,1450
1235,1858
1236,2331
1237,2442
1238,346
1239,413
1240,420
1241,576
1242,577
1243,620
1244,1212
1245,1372
1246,1392
1247,1909
1248,2156
1249,2444
1250,2674
1251,3682
1252,1131
1253,189
1254,218
1255,365
1256,385
1257,400
1258,442
1259,463
1260,541
1261,550
1262,559
1263,600
1264,653
1265,671
1266,734
1267,740
1268,785
1269,807
1270,834
1271,919
1272,920
1273,958
1274,995
1275,1025
1276,1060
1277,1084
1278,1229
1279,1258
1280,1284
1281,1378
1282,1422
1283,1604
1284,1828
1285,2051
1286,2159
1287,2170
1288,2327
1289,2573
1290,2816
1291,2846
1292,2859
1293,2862
1294,3007
1295,3156
1296,3224
1297,3356
1298,3360
1299,3507
1300,3602
1301,3605
1302,3630
1303,3735
1304,3740
1305,3754
1306,3773
1307,3799
1308,3811
1309,3963
1310,4373
1311,4528
1312,4580
1313,4652
1314,4768
1315,4820
1316,4921
1317,570
1318,800
1319,862
1320,1063
1321,1210
1322,1238
1323,1605
1324,2220
1325,3053
1326,3132
1327,3559
1328,4001
1329,192
1330,193
1331,220
1332,277
1333,349
1334,377
1335,424
1336,429
1337,485
1338,514
1339,523
1340,553
1341,587
1342,625
1343,663
1344,687
1345,696
1346,721
1347,729
1348,763
1349,777
1350,874
1351,886
1352,904
1353,922
1354,1017
1355,1038
1356,1068
1357,1125
1358,1138
1359,1171
1360,1257
1361,1285
1362,1303
1363,1321
1364,1330
1365,1390
1366,1395
1367,1461
1368,1491
1369,1536
1370,1545
1371,1564
1372,1565
1373,1612
1374,1650
1375,1651
1376,1678
1377,1744
1378,1756
1379,1851
1380,1949
1381,1957
1382,2083
1383,2147
1384,2308
1385,2364
1386,2499
1387,2539
1388,2566
1389,2585
1390,2593
1391,2715
1392,2737
1393,2745
1394,2754
1395,2888
1396,2891
1397,2894
1398,3003
1399,3078
1400,3094
1401,3234
1402,3355
1403,3361
1404,3368
1405,3537
1406,3589
1407,3792
1408,3861
1409,4043
1410,4554
1411,4583
1412,4679
1413,4714
1414,4783
1415,4835
1416,490
1417,621
1418,826
1419,1058
1420,1201
1421,1254
1422,1403
1423,1653
1424,1684
1425,1766
1426,1897
1427,1936
1428,1995
1429,2472
1430,2474
1431,2660
1432,2671
1433,2956
1434,3719
1435,4646
1436,355
1437,1548
1438,1742
1439,197
1440,674
1441,728
1442,2704
1443,356
1444,375
1445,453
1446,510
1447,552
1448,677
1449,711
1450,782
1451,809
1452,845
1453,1015
1454,1208
1455,1262
1456,1412
1457,1446
1458,1713
1459,2550
1460,3381
1461,3947
1462,198
1463,383
1464,425
1465,496
1466,543
1467,664
1468,665
1469,691
1470,702
1471,887
1472,889
1473,895
1474,931
1475,986
1476,1011
1477,1023
1478,1030
1479,1066
1480,1128
1481,1213
1482,1275
1483,1327
1484,1339
1485,1384
1486,1441
1487,1629
1488,1669
1489,1717
1490,1733
1491,1743
1492,1789
1493,1864
1494,1877
1495,1971
1496,2082
1497,2376
1498,2446
1499,2448
1500,2525
1501,2617
1502,2844
1503,2932
1504,2934
1505,2958
1506,2970
1507,3407
1508,3548
1509,3607
1510,3621
1511,3739
1512,3880
1513,4055
1514,4104
1515,4109
1516,4131
1517,4134
1518,4181
1519,4371
1520,4390
1521,4557
1522,4647
1523,4704
1524,4872
1525,4900
1526,4923
1527,4929
1528,247
1529,480
1530,578
1531,599
1532,615
1533,638
1534,701
1535,789
1536,790
1537,855
1538,989
1539,1067
1540,1117
1541,1181
1542,1232
1543,1419
1544,1460
1545,1693
1546,1758
1547,1835
1548,2382
1549,2543
1550,2560
1551,2642
1552,2935
1553,2940
1554,3159
1555,3970
1556,4111
1557,4534
1558,4981
1559,368
1560,686
1561,1018
1562,1062
1563,1203
1564,1217
1565,1535
1566,1610
1567,4138
1568,4271
1569,1176
1570,1494
1571,1546
1572,1696
1573,2333
1574,2464
1575,2535
1576,2652
1577,4016
1578,4417
1579,647
1580,881
1581,1001
1582,1221
1583,1637
1584,2377
1585,2608
1586,2858
1587,2980
1588,1426
1589,3728
1590,4221
1591,482
1592,1113
1593,3061
1594,4209
1595,4395
1596,454
1597,515
1598,603
1599,633
1600,679
1601,796
1602,910
1603,1075
1604,1222
1605,1393
1606,1799
1607,1825
1608,1906
1609,1944
1610,2437
1611,2517
1612,2905
1613,3544
1614,3679
1615,512
1616,1107
1617,1169
1618,2025
1619,897
1620,1051
1621,1590
1622,1798
1623,1845
1624,2476
1625,2553
1626,2776
1627,2813
1628,2820
1629,3060
1630,3456
1631,3938
1632,4153
1633,4220
1634,4381
1635,498
1636,652
1637,741
1638,849
1639,884
1640,1278
1641,1288
1642,1320
1643,1340
1644,1470
1645,2028
1646,2281
1647,2404
1648,2768
1649,2842
1650,2922
1651,3294
1652,3417
1653,3674
1654,4186
1655,4343
1656,4380
1657,4626
1658,4863
1659,1854
1660,3385
1661,527
1662,636
1663,700
1664,788
1665,816
1666,856
1667,914
1668,916
1669,933
1670,946
1671,957
1672,1059
1673,1130
1674,1389
1675,1640
1676,1688
1677,1702
1678,1722
1679,2252
1680,2622
1681,2833
1682,2898
1683,3031
1684,3332
1685,3393
1686,3410
1687,3429
1688,3749
1689,3967
1690,4268
1691,4362
1692,363
1693,936
1694,1407
1695,1998
1696,4498
1697,675
1698,923
1699,974
1700,1079
1701,1237
1702,1338
1703,1479
1704,1932
1705,2008
1706,2040
1707,2475
1708,2533
1709,2583
1710,2702
1711,3017
1712,3036
1713,3170
1714,3197
1715,3321
1716,3513
1717,3691
1718,4217
1719,4454
1720,4716
1721,4750
1722,4791
1723,4902
1724,354
1725,561
1726,583
1727,594
1728,883
1729,990
1730,1154
1731,1496
1732,3168
1733,869
1734,1012
1735,1127
1736,1472
1737,1626
1738,2496
1739,2796
1740,3073
1741,3130
1742,476
1743,579
1744,586
1745,695
1746,706
1747,839
1748,1039
1749,1082
1750,1088
1751,1122
1752,1187
1753,1240
1754,1423
1755,1514
1756,1583
1757,1587
1758,1663
1759,1903
1760,2052
1761,2259
1762,2663
1763,2665
1764,2795
1765,3161
1766,3169
1767,3253
1768,3549
1769,3686
1770,3712
1771,3790
1772,4098
1773,4115
1774,4256
1775,4489
1776,4670
1777,4683
1778,205
1779,325
1780,468
1781,738
1782,925
1783,998
1784,1161
1785,1266
1786,1287
1787,1313
1788,1354
1789,1550
1790,1716
1791,2121
1792,2228
1793,2231
1794,2554
1795,500
1796,568
1797,759
1798,1147
1799,221
1800,345
1801,402
1802,573
1803,731
1804,1009
1805,1026
1806,1145
1807,2103
1808,2379
1809,2581
1810,4073
1811,327
1812,379
1813,414
1814,747
1815,951
1816,1259
1817,1575
1818,2211
1819,2399
1820,3010
1821,3111
1822,3575
1823,3584
1824,4040
1825,4290
1826,4399
1827,4807
1828,4861
1829,549
1830,590
1831,611
1832,635
1833,794
1834,927
1835,1073
1836,1137
1837,1324
1838,1415
1839,1417
1840,1420
1841,1508
1842,1518
1843,1569
1844,1670
1845,1680
1846,1794
1847,1869
1848,1912
1849,1933
1850,1989
1851,2058
1852,2120
1853,2174
1854,2528
1855,2750
1856,2853
1857,3105
1858,3209
1859,3340
1860,3367
1861,3387
1862,3466
1863,3690
1864,3885
1865,3926
1866,4045
1867,4831
1868,443
1869,929
1870,2166
1871,2337
1872,643
1873,718
1874,750
1875,1541
1876,1804
1877,2132
1878,2140
1879,2286
1880,2887
1881,3112
1882,3229
1883,4593
1884,497
1885,852
1886,991
1887,1312
1888,1322
1889,1358
1890,1721
1891,1878
1892,1884
1893,1968
1894,2160
1895,2165
1896,2471
1897,2724
1898,3089
1899,3693
1900,3767
1901,3806
1902,3969
1903,4412
1904,683
1905,1228
1906,1382
1907,1730
1908,1745
1909,2687
1910,3195
1911,305
1912,417
1913,676
1914,859
1915,915
1916,1118
1917,1215
1918,1224
1919,1236
1920,1280
1921,1458
1922,1540
1923,1874
1924,1902
1925,1986
1926,2403
1927,3550
1928,529
1929,659
1930,797
1931,823
1932,846
1933,975
1934,1104
1935,1105
1936,1190
1937,1391
1938,1471
1939,1810
1940,1964
1941,2080
1942,2142
1943,3066
1944,3503
1945,3891
1946,4071
1947,4542
1948,4952
1949,780
1950,1032
1951,1110
1952,3900
1953,662
1954,1335
1955,2043
1956,432
1957,589
1958,678
1959,799
1960,825
1961,1041
1962,1109
1963,1156
1964,1164
1965,1173
1966,1325
1967,1521
1968,1687
1969,2251
1970,2419
1971,2529
1972,2699
1973,2723
1974,2774
1975,2857
1976,3077
1977,3127
1978,3281
1979,3893
1980,4551
1981,285
1982,448
1983,474
1984,522
1985,821
1986,1054
1987,1076
1988,1434
1989,1440
1990,1635
1991,1764
1992,2047
1993,2068
1994,2118
1995,2518
1996,2647
1997,2821
1998,3052
1999,3504
2000,3571
2001,3784
2002,3912
2003,4108
2004,4191
2005,4420
2006,609
2007,2366
2008,3081
2009,3291
2010,3921
2011,4027
2012,491
2013,850
2014,1442
2015,1615
2016,2455
2017,3382
2018,580
2019,648
2020,1000
2021,1044
2022,1119
2023,1178
2024,1286
2025,1468
2026,2036
2027,2076
2028,2109
2029,2421
2030,2804
2031,2984
2032,3119
2033,3647
2034,4274
2035,4472
2036,4494
2037,4586
2038,4957
2039,392
2040,571
2041,810
2042,981
2043,1200
2044,1396
2045,1573
2046,2409
2047,362
2048,937
2049,1056
2050,1207
2051,1239
2052,1532
2053,1720
2054,1942
2055,1982
2056,1997
2057,2317
2058,2424
2059,2469
2060,2584
2061,2707
2062,2732
2063,2808
2064,2917
2065,2967
2066,3133
2067,3134
2068,3183
2069,3264
2070,3416
2071,3517
2072,3586
2073,3634
2074,3684
2075,3700
2076,3714
2077,3830
2078,3984
2079,4154
2080,4563
2081,436
2082,566
2083,616
2084,694
2085,1307
2086,1699
2087,2486
2088,2582
2089,4428
2090,1120
2091,1697
2092,3898
2093,689
2094,766
2095,3805
2096,4292
2097,4736
2098,994
2099,1081
2100,1141
2101,1191
2102,1206
2103,1369
2104,1492
2105,1838
2106,1904
2107,1922
2108,2013
2109,2017
2110,2085
2111,2169
2112,2586
2113,2876
2114,3255
2115,3292
2116,3420
2117,3751
2118,3759
2119,3925
2120,4069
2121,4196
2122,4289
2123,4837
2124,4901
2125,4927
2126,861
2127,893
2128,2029
2129,4971
2130,451
2131,495
2132,773
2133,819
2134,840
2135,961
2136,1031
2137,1177
2138,1270
2139,1478
2140,1576
2141,1913
2142,2093
2143,2204
2144,2329
2145,3092
2146,3274
2147,3564
2148,3568
2149,3611
2150,562
2151,569
2152,1183
2153,1269
2154,1638
2155,2572
2156,2631
2157,2855
2158,3165
2159,3612
2160,4163
2161,1149
2162,1505
2163,1735
2164,2729
2165,4423
2166,602
2167,673
2168,714
2169,851
2170,866
2171,1293
2172,1387
2173,1457
2174,1570
2175,1710
2176,1868
2177,2056
2178,2429
2179,2594
2180,2868
2181,3325
2182,3490
2183,4282
2184,294
2185,1042
2186,2059
2187,1524
2188,1632
2189,3251
2190,820
2191,830
2192,934
2193,1070
2194,1780
2195,2458
2196,3766
2197,574
2198,1234
2199,1301
2200,1806
2201,2168
2202,3835
2203,479
2204,870
2205,877
2206,978
2207,1046
2208,1108
2209,1150
2210,1261
2211,1373
2212,1568
2213,1611
2214,1727
2215,1747
2216,1823
2217,2000
2218,2030
2219,2084
2220,2102
2221,2106
2222,2181
2223,2222
2224,2468
2225,2606
2226,2621
2227,2649
2228,2800
2229,2810
2230,2848
2231,3135
2232,3347
2233,3600
2234,3737
2235,4141
2236,4246
2237,4643
2238,4741
2239,4803
2240,808
2241,1233
2242,1511
2243,2129
2244,2306
2245,2614
2246,3500
2247,4697
2248,1114
2249,1199
2250,1256
2251,1402
2252,1474
2253,2834
2254,3959
2255,398
2256,399
2257,713
2258,947
2259,1410
2260,1594
2261,1700
2262,1925
2263,3210
2264,3315
2265,435
2266,892
2267,1043
2268,1430
2269,1585
2270,1634
2271,1926
2272,1958
2273,2055
2274,2611
2275,2627
2276,2639
2277,3641
2278,3851
2279,4795
2280,833
2281,1777
2282,2274
2283,2332
2284,3047
2285,582
2286,1050
2287,1464
2288,640
2289,725
2290,891
2291,1101
2292,1428
2293,4332
2294,888
2295,949
2296,1162
2297,1235
2298,1281
2299,2569
2300,2886
2301,3096
2302,950
2303,1351
2304,1433
2305,1715
2306,2467
2307,3661
2308,885
2309,938
2310,1028
2311,1469
2312,1844
2313,1975
2314,2158
2315,2426
2316,3462
2317,805
2318,1065
2319,2434
2320,2459
2321,735
2322,1218
2323,1250
2324,2048
2325,2119
2326,2141
2327,2735
2328,3011
2329,3154
2330,3828
2331,4720
2332,774
2333,776
2334,829
2335,945
2336,973
2337,1116
2338,1231
2339,1364
2340,1763
2341,1980
2342,2050
2343,2264
2344,2658
2345,2921
2346,1534
2347,1895
2348,2097
2349,2607
2350,3322
2351,3853
2352,841
2353,1447
2354,1771
2355,2504
2356,4759
2357,1091
2358,1481
2359,1592
2360,1660
2361,2210
2362,2372
2363,627
2364,736
2365,954
2366,1308
2367,1317
2368,941
2369,1914
2370,2101
2371,2743
2372,3181
2373,3350
2374,4429
2375,1539
2376,1618
2377,1701
2378,2150
2379,2645
2380,2761
2381,1126
2382,1172
2383,1525
2384,1557
2385,1600
2386,3027
2387,3765
2388,4710
2389,2078
2390,3107
2391,1443
2392,1803
2393,2037
2394,2236
2395,4666
2396,4919
2397,684
2398,1225
2399,1356
2400,1834
2401,2173
2402,2393
2403,2777
2404,3581
2405,4238
2406,4284
2407,882
2408,1603
2409,3014
2410,982
2411,1397
2412,4531
2413,977
2414,1552
2415,1889
2416,2523
2417,605
2418,733
2419,775
2420,1230
2421,1294
2422,1614
2423,1703
2424,1776
2425,2012
2426,2703
2427,2882
2428,3617
2429,4015
2430,4077
2431,4270
2432,4786
2433,1074
2434,1510
2435,2435
2436,3190
2437,3324
2438,3574
2439,1292
2440,1654
2441,1836
2442,2107
2443,2144
2444,2270
2445,2338
2446,2367
2447,2431
2448,3782
2449,860
2450,896
2451,1159
2452,1797
2453,1841
2454,1873
2455,1987
2456,2427
2457,2601
2458,2629
2459,3141
2460,3777
2461,3807
2462,3855
2463,4061
2464,4241
2465,4675
2466,4739
2467,4813
2468,584
2469,1090
2470,1343
2471,2113
2472,2676
2473,2771
2474,4744
2475,1244
2476,1405
2477,1167
2478,1314
2479,1543
2480,2026
2481,3910
2482,222
2483,712
2484,1759
2485,2009
2486,2313
2487,2534
2488,2638
2489,3860
2490,3960
2491,1436
2492,1578
2493,1817
2494,1960
2495,2123
2496,2402
2497,3460
2498,3671
2499,284
2500,501
2501,1132
2502,1193
2503,1333
2504,1500
2505,1887
2506,3519
2507,654
2508,1136
2509,1425
2510,2137
2511,2794
2512,1086
2513,2172
2514,2187
2515,1495
2516,2296
2517,2456
2518,3606
2519,4167
2520,815
2521,838
2522,1124
2523,1247
2524,1636
2525,1645
2526,1664
2527,1855
2528,1940
2529,2391
2530,1360
2531,3237
2532,1265
2533,2380
2534,2852
2535,3371
2536,3468
2537,3608
2538,4505
2539,630
2540,1016
2541,1375
2542,1399
2543,1449
2544,1846
2545,2277
2546,3088
2547,3318
2548,3375
2549,3518
2550,3676
2551,3988
2552,4438
2553,4453
2554,4879
2555,1357
2556,1579
2557,1732
2558,1772
2559,2318
2560,2362
2561,2481
2562,2641
2563,2643
2564,3230
2565,3331
2566,3783
2567,4279
2568,1098
2569,2755
2570,2889
2571,3065
2572,3287
2573,969
2574,1606
2575,1775
2576,2428
2577,2514
2578,3813
2579,1241
2580,1253
2581,2167
2582,2203
2583,2273
2584,2461
2585,3452
2586,3961
2587,4433
2588,786
2589,1053
2590,1099
2591,1580
2592,2752
2593,2909
2594,3055
2595,3201
2596,3259
2597,4452
2598,939
2599,1024
2600,1196
2601,1388
2602,1584
2603,3166
2604,4125
2605,2454
2606,3142
2607,751
2608,764
2609,1528
2610,1783
2611,1934
2612,2415
2613,3150
2614,3446
2615,3845
2616,4665
2617,898
2618,1675
2619,2004
2620,2445
2621,3076
2622,3268
2623,1352
2624,1439
2625,1992
2626,2326
2627,2450
2628,3582
2629,1773
2630,2538
2631,1142
2632,2094
2633,2134
2634,2347
2635,2711
2636,3131
2637,3184
2638,3243
2639,4057
2640,4093
2641,4641
2642,4848
2643,4894
2644,1045
2645,1800
2646,1871
2647,2407
2648,2559
2649,3422
2650,3556
2651,3928
2652,4034
2653,1455
2654,2357
2655,3203
2656,3854
2657,4881
2658,1185
2659,1355
2660,2763
2661,4164
2662,1414
2663,1620
2664,2718
2665,2863
2666,3099
2667,3603
2668,4345
2669,4821
2670,902
2671,1859
2672,1924
2673,2266
2674,2497
2675,732
2676,853
2677,1100
2678,1202
2679,1462
2680,1482
2681,1847
2682,1952
2683,2074
2684,2209
2685,2609
2686,2920
2687,3215
2688,3301
2689,3483
2690,3542
2691,3795
2692,4301
2693,4418
2694,4451
2695,4935
2696,4954
2697,4968
2698,804
2699,1143
2700,2250
2701,2716
2702,3143
2703,3187
2704,3239
2705,3499
2706,1211
2707,1316
2708,1383
2709,1418
2710,1530
2711,1556
2712,2024
2713,2065
2714,2136
2715,2216
2716,2248
2717,2291
2718,2436
2719,2489
2720,2831
2721,2869
2722,2878
2723,2986
2724,3151
2725,3293
2726,3313
2727,3370
2728,3444
2729,3492
2730,3510
2731,3638
2732,3648
2733,3689
2734,3903
2735,4014
2736,4019
2737,4060
2738,4084
2739,4087
2740,4092
2741,4327
2742,4421
2743,4634
2744,4712
2745,4830
2746,1047
2747,1593
2748,2071
2749,2072
2750,3075
2751,3245
2752,4126
2753,1729
2754,2018
2755,2032
2756,2092
2757,2686
2758,2741
2759,2928
2760,3213
2761,4506
2762,1264
2763,1432
2764,1881
2765,1985
2766,2339
2767,2673
2768,3536
2769,3619
2770,754
2771,1401
2772,1529
2773,2899
2774,1861
2775,1951
2776,2479
2777,4175
2778,4222
2779,1078
2780,2722
2781,4374
2782,4694
2783,596
2784,2034
2785,2668
2786,2802
2787,3028
2788,3223
2789,3427
2790,4322
2791,4409
2792,2680
2793,3117
2794,3303
2795,806
2796,2788
2797,4337
2798,1160
2799,1345
2800,1451
2801,1767
2802,1974
2803,2260
2804,2865
2805,3475
2806,3530
2807,3657
2808,3697
2809,3825
2810,3930
2811,4285
2812,4431
2813,4501
2814,4913
2815,1820
2816,3913
2817,469
2818,953
2819,1198
2820,1318
2821,1370
2822,1704
2823,2301
2824,2355
2825,2498
2826,3136
2827,3177
2828,3469
2829,3785
2830,4097
2831,4956
2832,2713
2833,3056
2834,3558
2835,3725
2836,1542
2837,1544
2838,1572
2839,1822
2840,2117
2841,2954
2842,3206
2843,1622
2844,1749
2845,1761
2846,1480
2847,1537
2848,1558
2849,1596
2850,2176
2851,2350
2852,2483
2853,3013
2854,3041
2855,3533
2856,3834
2857,4053
2858,4080
2859,4166
2860,4476
2861,4572
2862,1658
2863,2254
2864,2465
2865,1310
2866,2432
2867,3330
2868,1993
2869,2263
2870,1346
2871,3126
2872,3732
2873,3889
2874,4320
2875,1336
2876,1406
2877,1644
2878,1870
2879,1948
2880,2115
2881,2146
2882,2207
2883,2300
2884,2378
2885,2558
2886,2637
2887,3044
2888,3501
2889,3562
2890,3847
2891,4059
2892,4588
2893,3348
2894,3616
2895,3796
2896,3976
2897,4147
2898,1319
2899,1566
2900,1671
2901,2316
2902,2526
2903,2670
2904,4407
2905,4659
2906,1591
2907,2194
2908,3196
2909,3508
2910,4250
2911,1295
2912,1695
2913,1726
2914,1762
2915,1770
2916,1805
2917,1908
2918,1911
2919,2045
2920,2086
2921,2095
2922,2148
2923,2183
2924,2265
2925,2340
2926,2463
2927,2604
2928,2837
2929,3033
2930,3068
2931,3071
2932,3146
2933,3173
2934,3285
2935,3298
2936,3440
2937,3747
2938,3820
2939,3955
2940,4184
2941,4521
2942,4684
2943,4834
2944,4970
2945,1824
2946,3365
2947,4216
2948,2589
2949,2781
2950,3946
2951,1163
2952,1263
2953,1497
2954,1598
2955,1862
2956,1954
2957,2238
2958,2287
2959,2349
2960,2438
2961,2717
2962,4567
2963,4610
2964,1431
2965,2112
2966,2214
2967,2234
2968,3185
2969,3262
2970,3392
2971,3865
2972,3874
2973,4775
2974,4999
2975,1503
2976,2502
2977,2770
2978,4767
2979,1448
2980,2244
2981,3968
2982,2579
2983,2931
2984,3573
2985,4717
2986,572
2987,632
2988,708
2989,972
2990,1022
2991,1072
2992,1328
2993,1641
2994,2014
2995,2105
2996,2245
2997,2405
2998,2630
2999,2700
3000,2825
3001,3233
3002,3463
3003,3555
3004,4529
3005,4942
3006,967
3007,4622
3008,2384
3009,2841
3010,1453
3011,2531
3012,2880
3013,2916
3014,3095
3015,3113
3016,3623
3017,4732
3018,4992
3019,2135
3020,2563
3021,2695
3022,3058
3023,3632
3024,3950
3025,4773
3026,3561
3027,1475
3028,1586
3029,1856
3030,3629
3031,710
3032,1246
3033,1282
3034,1311
3035,1349
3036,1380
3037,1673
3038,1691
3039,2929
3040,3048
3041,3654
3042,4213
3043,4348
3044,4496
3045,4810
3046,1708
3047,2233
3048,2541
3049,2957
3050,3202
3051,3668
3052,4068
3053,1642
3054,1709
3055,1725
3056,1915
3057,2108
3058,2588
3059,2989
3060,3480
3061,2303
3062,3892
3063,3899
3064,1919
3065,2562
3066,3191
3067,1885
3068,1599
3069,3525
3070,3995
3071,4161
3072,4576
3073,1157
3074,1739
3075,1959
3076,2830
3077,827
3078,2632
3079,2806
3080,3005
3081,3733
3082,4520
3083,4660
3084,1791
3085,3338
3086,4052
3087,4908
3088,2307
3089,3167
3090,3729
3091,3844
3092,1501
3093,1648
3094,2175
3095,2425
3096,2549
3097,3030
3098,3414
3099,3804
3100,4843
3101,1435
3102,4121
3103,1613
3104,2344
3105,2351
3106,2698
3107,2997
3108,3221
3109,2383
3110,2506
3111,2996
3112,3646
3113,1809
3114,2386
3115,4644
3116,4989
3117,844
3118,1621
3119,1718
3120,2430
3121,2705
3122,3162
3123,4101
3124,1216
3125,2069
3126,2719
3127,4195
3128,4960
3129,1344
3130,2242
3131,2988
3132,4064
3133,4089
3134,4702
3135,842
3136,987
3137,1931
3138,2521
3139,2983
3140,3412
3141,4868
3142,1921
3143,3188
3144,3484
3145,3523
3146,4424
3147,1334
3148,2153
3149,2226
3150,2310
3151,2325
3152,2778
3153,3359
3154,3363
3155,4761
3156,1706
3157,2312
3158,817
3159,3249
3160,3881
3161,3104
3162,4024
3163,2524
3164,1746
3165,2324
3166,1071
3167,1115
3168,1365
3169,3057
3170,3122
3171,3147
3172,3918
3173,3954
3174,4802
3175,1168
3176,1170
3177,1795
3178,1832
3179,2151
3180,2212
3181,2298
3182,2299
3183,2823
3184,2840
3185,3124
3186,3280
3187,3383
3188,3403
3189,3695
3190,3803
3191,3940
3192,4086
3193,4617
3194,4804
3195,858
3196,2177
3197,2282
3198,3008
3199,4361
3200,1249
3201,1923
3202,2027
3203,4287
3204,1907
3205,2031
3206,2672
3207,2919
3208,1751
3209,3887
3210,660
3211,932
3212,1379
3213,1437
3214,1999
3215,2061
3216,2515
3217,2655
3218,2828
3219,2850
3220,3214
3221,3335
3222,3489
3223,3706
3224,3760
3225,3886
3226,4110
3227,4306
3228,4669
3229,908
3230,1135
3231,1204
3232,1668
3233,2006
3234,3610
3235,4743
3236,4934
3237,1531
3238,1852
3239,2057
3240,2195
3241,2199
3242,2369
3243,2443
3244,3232
3245,3505
3246,3595
3247,3800
3248,4316
3249,4488
3250,4490
3251,4510
3252,4562
3253,1385
3254,1790
3255,2111
3256,2961
3257,1609
3258,1819
3259,3334
3260,3985
3261,4890
3262,1672
3263,1682
3264,1850
3265,1990
3266,2096
3267,2388
3268,2462
3269,2484
3270,2599
3271,2710
3272,2712
3273,2753
3274,2839
3275,3015
3276,3038
3277,3305
3278,3604
3279,3890
3280,4215
3281,4226
3282,4342
3283,4425
3284,4437
3285,4584
3286,4585
3287,3857
3288,1416
3289,3389
3290,3878
3291,2205
3292,3703
3293,1563
3294,1994
3295,2567
3296,2867
3297,3443
3298,1296
3299,2227
3300,2256
3301,4032
3302,4722
3303,1083
3304,2098
3305,3267
3306,3681
3307,4382
3308,1507
3309,1523
3310,1894
3311,1898
3312,2075
3313,2412
3314,3341
3315,4500
3316,1153
3317,1476
3318,1918
3319,2001
3320,2602
3321,2785
3322,2819
3323,3155
3324,3353
3325,3398
3326,3941
3327,4259
3328,1097
3329,1421
3330,1522
3331,1755
3332,1930
3333,1973
3334,2099
3335,2348
3336,2406
3337,2578
3338,2697
3339,2871
3340,2923
3341,3004
3342,3838
3343,3996
3344,4168
3345,4525
3346,4581
3347,4698
3348,2336
3349,3263
3350,4884
3351,956
3352,1309
3353,1473
3354,1705
3355,1901
3356,1947
3357,3101
3358,3247
3359,3478
3360,3817
3361,1516
3362,2219
3363,2269
3364,3345
3365,3778
3366,3917
3367,4397
3368,4539
3369,4695
3370,1554
3371,2114
3372,3273
3373,3366
3374,3373
3375,3428
3376,4172
3377,4344
3378,4366
3379,4555
3380,4595
3381,3458
3382,3485
3383,3541
3384,3991
3385,4413
3386,4533
3387,1538
3388,1602
3389,1630
3390,1945
3391,2571
3392,2799
3393,3802
3394,3962
3395,4336
3396,4430
3397,4621
3398,4899
3399,1096
3400,1829
3401,2038
3402,3808
3403,4013
3404,4283
3405,4922
3406,1010
3407,4590
3408,4888
3409,2064
3410,2163
3411,2500
3412,2773
3413,2870
3414,2873
3415,3929
3416,4122
3417,4478
3418,2033
3419,2130
3420,2131
3421,2551
3422,3424
3423,2385
3424,2756
3425,4936
3426,3453
3427,4118
3428,4915
3429,2915
3430,4511
3431,4656
3432,4788
3433,3709
3434,3848
3435,4426
3436,4495
3437,4885
3438,4225
3439,2557
3440,4244
3441,3085
3442,3362
3443,3951
3444,4507
3445,1935
3446,2911
3447,1429
3448,1628
3449,2605
3450,2725
3451,2856
3452,3875
3453,1956
3454,1984
3455,3809
3456,1398
3457,1938
3458,3272
3459,4755
3460,4959
3461,1272
3462,1633
3463,1981
3464,2124
3465,3430
3466,3470
3467,3698
3468,3781
3469,4817
3470,1891
3471,2341
3472,2422
3473,4004
3474,4351
3475,4375
3476,4522
3477,4680
3478,1917
3479,2184
3480,2275
3481,2598
3482,2896
3483,3758
3484,4150
3485,2143
3486,3942
3487,2772
3488,3115
3489,4162
3490,4251
3491,1487
3492,4046
3493,1581
3494,2218
3495,2368
3496,2664
3497,2789
3498,3098
3499,3879
3500,4149
3501,4188
3502,4370
3503,4651
3504,4950
3505,2079
3506,2728
3507,3895
3508,3384
3509,1359
3510,2751
3511,2941
3512,3067
3513,4367
3514,4558
3515,3896
3516,2587
3517,3164
3518,3620
3519,4042
3520,4486
3521,1227
3522,1251
3523,1643
3524,2088
3525,2110
3526,2370
3527,2714
3528,3351
3529,3596
3530,3613
3531,3628
3532,4190
3533,4410
3534,4546
3535,4798
3536,4856
3537,1483
3538,1006
3539,4875
3540,3506
3541,3757
3542,4275
3543,4338
3544,4753
3545,4887
3546,2302
3547,2519
3548,3618
3549,2522
3550,1677
3551,2279
3552,2930
3553,4237
3554,4577
3555,2764
3556,3261
3557,4123
3558,1690
3559,4574
3560,4906
3561,1374
3562,1652
3563,2580
3564,2951
3565,3006
3566,3764
3567,3870
3568,4398
3569,4471
3570,4516
3571,4790
3572,4972
3573,4976
3574,3601
3575,2809
3576,2976
3577,3435
3578,3705
3579,3971
3580,4350
3581,4523
3582,1363
3583,3526
3584,4606
3585,2230
3586,903
3587,1679
3588,1866
3589,1978
3590,2091
3591,2910
3592,3083
3593,3207
3594,3395
3595,3818
3596,4249
3597,4300
3598,4493
3599,4672
3600,4709
3601,1223
3602,1860
3603,2157
3604,2675
3605,2946
3606,2960
3607,3174
3608,3238
3609,3577
3610,3687
3611,4492
3612,4715
3613,1184
3614,2633
3615,1488
3616,1815
3617,2457
3618,2968
3619,4932
3620,2510
3621,4686
3622,2516
3623,2689
3624,2727
3625,2884
3626,4113
3627,4355
3628,4384
3629,3240
3630,4947
3631,3123
3632,4177
3633,2509
3634,3051
3635,3426
3636,3791
3637,3859
3638,4245
3639,4307
3640,4867
3641,4998
3642,4310
3643,4360
3644,3374
3645,4323
3646,1092
3647,1493
3648,1561
3649,1808
3650,1880
3651,2620
3652,2948
3653,2974
3654,3219
3655,3614
3656,3625
3657,3815
3658,3824
3659,3924
3660,4081
3661,4095
3662,4169
3663,4206
3664,4414
3665,4483
3666,4544
3667,4882
3668,2814
3669,2178
3670,3669
3671,940
3672,983
3673,1348
3674,1353
3675,1567
3676,1647
3677,2345
3678,2451
3679,2721
3680,3882
3681,4609
3682,1920
3683,2879
3684,3020
3685,3304
3686,3447
3687,3539
3688,3656
3689,4860
3690,4941
3691,1409
3692,1831
3693,1929
3694,2416
3695,3481
3696,4313
3697,1714
3698,3939
3699,4886
3700,1595
3701,1666
3702,2262
3703,2701
3704,2829
3705,2902
3706,3194
3707,3494
3708,3736
3709,3748
3710,3994
3711,4021
3712,4224
3713,4689
3714,4836
3715,2624
3716,2998
3717,3411
3718,4973
3719,3316
3720,3742
3721,4066
3722,4911
3723,3934
3724,1506
3725,2480
3726,2992
3727,4503
3728,1027
3729,4637
3730,1601
3731,2872
3732,1905
3733,2914
3734,3836
3735,4011
3736,2213
3737,3897
3738,617
3739,3258
3740,4638
3741,4707
3742,1277
3743,1899
3744,2005
3745,4103
3746,4737
3747,2180
3748,4136
3749,2545
3750,4925
3751,1928
3752,2410
3753,4247
3754,3793
3755,1840
3756,2591
3757,3022
3758,3171
3759,4653
3760,4990
3761,3087
3762,4687
3763,907
3764,1477
3765,1830
3766,1900
3767,2253
3768,2289
3769,2501
3770,2623
3771,3846
3772,4611
3773,3763
3774,1991
3775,2232
3776,2906
3777,3624
3778,3644
3779,2561
3780,3724
3781,3770
3782,4198
3783,4349
3784,2022
3785,3914
3786,4031
3787,4379
3788,4758
3789,4828
3790,2352
3791,4664
3792,4742
3793,960
3794,4564
3795,2883
3796,3738
3797,4007
3798,4842
3799,1750
3800,4988
3801,4655
3802,3467
3803,3948
3804,4891
3805,980
3806,1893
3807,2309
3808,2908
3809,3911
3810,4119
3811,4674
3812,4706
3813,1551
3814,2738
3815,3551
3816,1655
3817,2495
3818,2648
3819,3450
3820,3672
3821,3916
3822,4234
3823,4445
3824,4469
3825,4946
3826,1857
3827,3565
3828,3637
3829,4797
3830,2138
3831,3082
3832,4039
3833,4578
3834,2807
3835,2904
3836,3894
3837,2874
3838,4491
3839,3715
3840,4535
3841,1961
3842,2015
3843,2651
3844,4088
3845,4137
3846,1779
3847,1863
3848,3175
3849,3319
3850,3713
3851,4062
3852,4331
3853,4376
3854,2731
3855,3599
3856,4662
3857,1737
3858,2784
3859,3193
3860,2066
3861,2826
3862,4624
3863,4253
3864,1408
3865,4079
3866,4130
3867,2548
3868,3349
3869,3789
3870,4083
3871,4760
3872,1394
3873,4325
3874,4752
3875,2049
3876,3720
3877,3750
3878,3956
3879,4144
3880,3491
3881,3756
3882,3949
3883,4402
3884,1965
3885,1607
3886,3149
3887,4549
3888,4173
3889,2322
3890,1996
3891,2139
3892,2334
3893,2555
3894,3300
3895,3580
3896,3583
3897,4146
3898,4236
3899,4363
3900,4456
3901,4475
3902,4619
3903,4701
3904,4757
3905,2636
3906,2688
3907,2811
3908,3409
3909,2618
3910,4037
3911,1892
3912,2926
3913,3034
3914,3199
3915,3323
3916,3495
3917,3708
3918,1685
3919,1413
3920,1454
3921,2225
3922,2374
3923,2400
3924,2537
3925,3198
3926,3397
3927,3445
3928,3451
3929,3727
3930,3772
3931,3933
3932,4026
3933,4156
3934,4197
3935,4204
3936,4207
3937,4266
3938,4477
3939,4673
3940,4918
3941,4982
3942,2473
3943,1740
3944,4518
3945,1571
3946,2343
3947,3343
3948,4096
3949,4515
3950,3320
3951,4377
3952,1005
3953,2696
3954,3651
3955,3816
3956,2182
3957,2547
3958,4315
3959,2615
3960,2654
3961,4485
3962,2387
3963,2530
3964,3140
3965,4267
3966,4269
3967,2314
3968,2452
3969,3046
3970,4729
3971,4771
3972,2162
3973,2441
3974,2706
3975,3091
3976,3205
3977,3399
3978,3511
3979,3999
3980,4114
3981,4200
3982,4230
3983,4314
3984,4559
3985,4639
3986,4776
3987,4801
3988,2730
3989,3572
3990,1452
3991,2414
3992,2747
3993,3271
3994,3309
3995,4129
3996,4189
3997,4202
3998,3593
3999,2193
4000,3290
4001,3670
4002,2708
4003,4862
4004,1833
4005,2453
4006,1916
4007,2835
4008,2913
4009,2975
4010,3438
4011,3696
4012,4334
4013,4459
4014,4671
4015,1785
4016,3250
4017,2748
4018,3043
4019,3701
4020,4465
4021,4571
4022,4808
4023,1976
4024,4000
4025,2198
4026,2511
4027,2552
4028,3592
4029,4117
4030,1553
4031,2892
4032,2897
4033,2952
4034,3552
4035,3909
4036,4049
4037,4566
4038,3636
4039,4601
4040,1485
4041,3379
4042,3871
4043,4565
4044,4623
4045,4940
4046,1486
4047,1811
4048,3945
4049,2240
4050,3532
4051,3535
4052,1555
4053,3226
4054,3827
4055,4642
4056,4993
4057,4532
4058,3579
4059,2759
4060,2818
4061,3474
4062,1188
4063,3658
4064,4232
4065,4819
4066,2682
4067,3520
4068,3152
4069,3711
4070,2390
4071,2969
4072,3509
4073,3821
4074,4255
4075,2152
4076,2271
4077,2439
4078,2684
4079,4295
4080,3137
4081,3678
4082,4550
4083,4607
4084,2420
4085,4143
4086,4519
4087,4969
4088,2320
4089,2470
4090,3120
4091,4286
4092,4538
4093,4721
4094,4733
4095,2709
4096,2993
4097,3531
4098,3980
4099,4254
4100,4317
4101,4568
4102,757
4103,1404
4104,2202
4105,2520
4106,2812
4107,3406
4108,1793
4109,2783
4110,4132
4111,2565
4112,2568
4113,3049
4114,3317
4115,3866
4116,3943
4117,4003
4118,4356
4119,4548
4120,3975
4121,2564
4122,3064
4123,2942
4124,4944
4125,3643
4126,2766
4127,3972
4128,2044
4129,1034
4130,1484
4131,2720
4132,3833
4133,4605
4134,3667
4135,4514
4136,3872
4137,3873
4138,4033
4139,4205
4140,4364
4141,3026
4142,4193
4143,4724
4144,4747
4145,3633
4146,2634
4147,3476
4148,3461
4149,3288
4150,4930
4151,2596
4152,2241
4153,2363
4154,2319
4155,2918
4156,3160
4157,3235
4158,3442
4159,3563
4160,3157
4161,4598
4162,4914
4163,2145
4164,2843
4165,3299
4166,3810
4167,4199
4168,4658
4169,4779
4170,4986
4171,1837
4172,3257
4173,4006
4174,4018
4175,3128
4176,2408
4177,2881
4178,2991
4179,4608
4180,2616
4181,2375
4182,2749
4183,3543
4184,3888
4185,4441
4186,4640
4187,2127
4188,4826
4189,2161
4190,1639
4191,1872
4192,2556
4193,3594
4194,3822
4195,3935
4196,4028
4197,4385
4198,1752
4199,4846
4200,2494
4201,3776
4202,4499
4203,3920
4204,4460
4205,2154
4206,2683
4207,3284
4208,1002
4209,2389
4210,2963
4211,1245
4212,3328
4213,3418
4214,4329
4215,4339
4216,1661
4217,3578
4218,4892
4219,2679
4220,3001
4221,3200
4222,3680
4223,3688
4224,4022
4225,4594
4226,4735
4227,4870
4228,4304
4229,2845
4230,4058
4231,4090
4232,4858
4233,2020
4234,3856
4235,3457
4236,4392
4237,4920
4238,3622
4239,4765
4240,4789
4241,3769
4242,3877
4243,3683
4244,4839
4245,2536
4246,3333
4247,4589
4248,2485
4249,3342
4250,3512
4251,4296
4252,4297
4253,2775
4254,3454
4255,3084
4256,4504
4257,3662
4258,3498
4259,2487
4260,3587
4261,3116
4262,3471
4263,3659
4264,4378
4265,3876
4266,4264
4267,4723
4268,3516
4269,4210
4270,4099
4271,2081
4272,4592
4273,1631
4274,3907
4275,3372
4276,4358
4277,2690
4278,4091
4279,2482
4280,2398
4281,3716
4282,3974
4283,4211
4284,4654
4285,4799
4286,3425
4287,4991
4288,2590
4289,3998
4290,4051
4291,4094
4292,1853
4293,2293
4294,2854
4295,2943
4296,2396
4297,2822
4298,3449
4299,3788
4300,2685
4301,2280
4302,2574
4303,2635
4304,3153
4305,3364
4306,4201
4307,4955
4308,4833
4309,3479
4310,4814
4311,3746
4312,2944
4313,2995
4314,3307
4315,3931
4316,4100
4317,4547
4318,4762
4319,4912
4320,3050
4321,2267
4322,3652
4323,3282
4324,3486
4325,4102
4326,3163
4327,4824
4328,2765
4329,3863
4330,4341
4331,4756
4332,1465
4333,2786
4334,3054
4335,4152
4336,4883
4337,3386
4338,3997
4339,3780
4340,3421
4341,3114
4342,2373
4343,2433
4344,4980
4345,1782
4346,2490
4347,4396
4348,3337
4349,3771
4350,4078
4351,4298
4352,4851
4353,2239
4354,3768
4355,4038
4356,4041
4357,4299
4358,4785
4359,3069
4360,3842
4361,4228
4362,4280
4363,4461
4364,4155
4365,4676
4366,4910
4367,2990
4368,3400
4369,4105
4370,2815
4371,2973
4372,4939
4373,1896
4374,4427
4375,2491
4376,3009
4377,3208
4378,3832
4379,4067
4380,4219
4381,4278
4382,4631
4383,3176
4384,2215
4385,3100
4386,3650
4387,4240
4388,2570
4389,3296
4390,2964
4391,4185
4392,4787
4393,3228
4394,4536
4395,2223
4396,2235
4397,2977
4398,3231
4399,4823
4400,3327
4401,4388
4402,3079
4403,4962
4404,2062
4405,4354
4406,4408
4407,4480
4408,4864
4409,2950
4410,4633
4411,3814
4412,2460
4413,3952
4414,3978
4415,3244
4416,4977
4417,1226
4418,3314
4419,1588
4420,2978
4421,3212
4422,3029
4423,4127
4424,2767
4425,2791
4426,3545
4427,4657
4428,1786
4429,3964
4430,4025
4431,3743
4432,2257
4433,3108
4434,3744
4435,4713
4436,3752
4437,2311
4438,2805
4439,4017
4440,3576
4441,4832
4442,3639
4443,4012
4444,4294
4445,4953
4446,4560
4447,3090
4448,4825
4449,3566
4450,4829
4451,2994
4452,3378
4453,3570
4454,4725
4455,2726
4456,2200
4457,2693
4458,3673
4459,4353
4460,4681
4461,3493
4462,4252
4463,4734
4464,4818
4465,4677
4466,2838
4467,2875
4468,3072
4469,3222
4470,3431
4471,3553
4472,3919
4473,4139
4474,4974
4475,4171
4476,4849
4477,3546
4478,3590
4479,4212
4480,4730
4481,4612
4482,4840
4483,1139
4484,1879
4485,2039
4486,2356
4487,2669
4488,3358
4489,3404
4490,3902
4491,4629
4492,4649
4493,4967
4494,4995
4495,3413
4496,4497
4497,4179
4498,2305
4499,2667
4500,2793
4501,4165
4502,4085
4503,3831
4504,3529
4505,4865
4506,3779
4507,4841
4508,4857
4509,2278
4510,3761
4511,4727
4512,2733
4513,2243
4514,2478
4515,2653
4516,3266
4517,3522
4518,3840
4519,4983
4520,3901
4521,3241
4522,3692
4523,4948
4524,2179
4525,2488
4526,3286
4527,4943
4528,3858
4529,2972
4530,4591
4531,3059
4532,2798
4533,3045
4534,3138
4535,1048
4536,1627
4537,2330
4538,4582
4539,4845
4540,2801
4541,4479
4542,2613
4543,3278
4544,2937
4545,3172
4546,4838
4547,4065
4548,4552
4549,3402
4550,4916
4551,3839
4552,2361
4553,2440
4554,3289
4555,3591
4556,3664
4557,4728
4558,4793
4559,2657
4560,4400
4561,4227
4562,4540
4563,2206
4564,3524
4565,3937
4566,4263
4567,3867
4568,2023
4569,2328
4570,2503
4571,3277
4572,3396
4573,3437
4574,4116
4575,4192
4576,4854
4577,4905
4578,2371
4579,2999
4580,3585
4581,3615
4582,4170
4583,4357
4584,4183
4585,4615
4586,3265
4587,3801
4588,3635
4589,2901
4590,2903
4591,3540
4592,3723
4593,4054
4594,4406
4595,4604
4596,2283
4597,3567
4598,3660
4599,4020
4600,4288
4601,4509
4602,4880
4603,4050
4604,4158
4605,4613
4606,2659
4607,4319
4608,4685
4609,4745
4610,3459
4611,2953
4612,1667
4613,1816
4614,2268
4615,2692
4616,3685
4617,3973
4618,4076
4619,4273
4620,4383
4621,4432
4622,4112
4623,4352
4624,2077
4625,2677
4626,2592
4627,4312
4628,3560
4629,4464
4630,2323
4631,2780
4632,2797
4633,3062
4634,3538
4635,3721
4636,3862
4637,4874
4638,4985
4639,4277
4640,4778
4641,4938
4642,4966
4643,4180
4644,4321
4645,2971
4646,4318
4647,4526
4648,3653
4649,2381
4650,3018
4651,3649
4652,3753
4653,4035
4654,4308
4655,4855
4656,3433
4657,4997
4658,4530
4659,2925
4660,4996
4661,3514
4662,1807
4663,2342
4664,2792
4665,3019
4666,2849
4667,3992
4668,2346
4669,3927
4670,4847
4671,4945
4672,2046
4673,4157
4674,4949
4675,3252
4676,4302
4677,4844
4678,1988
4679,3279
4680,4705
4681,3110
4682,2116
4683,4648
4684,1946
4685,4369
4686,4063
4687,1052
4688,3227
4689,3472
4690,3829
4691,4700
4692,3864
4693,3915
4694,4517
4695,2762
4696,4140
4697,4330
4698,4893
4699,3419
4700,3665
4701,4987
4702,2067
4703,4487
4704,2626
4705,3717
4706,3302
4707,3515
4708,3884
4709,4784
4710,4933
4711,2477
4712,3922
4713,3965
4714,4404
4715,1689
4716,2619
4717,3434
4718,4187
4719,4328
4720,4696
4721,4749
4722,4474
4723,1444
4724,3070
4725,4587
4726,4668
4727,4898
4728,4903
4729,3663
4730,3904
4731,2612
4732,3000
4733,4272
4734,3528
4735,4411
4736,4044
4737,4699
4738,4008
4739,4148
4740,4346
4741,4763
4742,4473
4743,3597
4744,4545
4745,2237
4746,4871
4747,4964
4748,3326
4749,4541
4750,3786
4751,4368
4752,4650
4753,2597
4754,4372
4755,3521
4756,3731
4757,2041
4758,2824
4759,4235
4760,3762
4761,4443
4762,4682
4763,4994
4764,4636
4765,3295
4766,4470
4767,4812
4768,3982
4769,4208
4770,4135
4771,3677
4772,4711
4773,3849
4774,4324
4775,4405
4776,4965
4777,3787
4778,2508
4779,2851
4780,2392
4781,4291
4782,4194
4783,4151
4784,4416
4785,2595
4786,4537
4787,4553
4788,3850
4789,3439
4790,4261
4791,4303
4792,3936
4793,4703
4794,3464
4795,2827
4796,3645
4797,4693
4798,4625
4799,1559
4800,3248
4801,3812
4802,3254
4803,3707
4804,3139
4805,2272
4806,4440
4807,2196
4808,3388
4809,3958
4810,4543
4811,4074
4812,3794
4813,4239
4814,3178
4815,4257
4816,4178
4817,4466
4818,2936
4819,4009
4820,4133
4821,4859
4822,1707
4823,3306
4824,4731
4825,4806
4826,4293
4827,4876
4828,4628
4829,4688
4830,4796
4831,4769
4832,3554
4833,4781
4834,2217
4835,4248
4836,3534
4837,4963
4838,4124
4839,4260
4840,3394
4841,4951
4842,4569
4843,3953
4844,4107
4845,4214
4846,4667
4847,3798
4848,4265
4849,3352
4850,3993
4851,4627
4852,2981
4853,4444
4854,3220
4855,3497
4856,4281
4857,4579
4858,4718
4859,4889
4860,4937
4861,4726
4862,4978
4863,4878
4864,4218
4865,4897
4866,3144
4867,3774
4868,4979
4869,2734
4870,4072
4871,4766
4872,2192
4873,4630
4874,1736
4875,4873
4876,2694
4877,3346
4878,4439
4879,4907
4880,4770
4881,4800
4882,4809
4883,4347
4884,4120
4885,4468
4886,4436
4887,3216
4888,3103
4889,4602
4890,4904
4891,3357
4892,3502
4893,2304
4894,4924
4895,4663
4896,2893
4897,3180
4898,4401
4899,3189
4900,3868
4901,4203
4902,2864
4903,1842
4904,4597
4905,4691
4906,2285
4907,4754
4908,3441
4909,3837
4910,4442
4911,4527
4912,3276
4913,4450
4914,4394
4915,1890
4916,3473
4917,4896
4918,3722
4919,3883
4920,3981
4921,3354
4922,3377
4923,4447
4924,4365
4925,4512
4926,4233
4927,4620
4928,3488
4929,3823
4930,4446
4931,3694
4932,3106
4933,4258
4934,2126
4935,3297
4936,4984
4937,4909
4938,4661
4939,2359
4940,2779
4941,3626
4942,4926
4943,4852
4944,5000
4945,3957
4946,3415
4947,4738
4948,4276
4949,4262
4950,4176
4951,4056
4952,4794
4953,3977
4954,3841
4955,4070
4956,3642
4957,4792
4958,3932
4959,4023
4960,4719
4961,4811
4962,4182
4963,2790
4964,3655
4965,4815
4966,4393
4967,3775
4968,4928
4969,4467
4970,4419
4971,4616
4972,4678
4973,4326
4974,2394
4975,4145
4976,4422
4977,4160
4978,4415
4979,3989
4980,4005
4981,2577
4982,4618
4983,3225
4984,4387
4985,4455
4986,4635
4987,2979
4988,4508
4989,4780
4990,4243
4991,4513
4992,4772
4993,3906
4994,4805
4995,3908
4996,3588
4997,4850
4998,3730
4999,4614
5000,4502
